"Comparison of narrow type with wide type in loop condition","Comparisons between types of different widths in a loop condition can cause the loop to behave unexpectedly.","warning","Comparison between [[""num_bytes""|""relative:///src/nfc/tags/rw_t2t_ndef.cc:1972:11:1972:19""]] of type uint8_t and [[""num_bytes""|""relative:///src/nfc/include/rw_int.h:374:12:374:20""]] of wider type uint16_t.","/src/nfc/tags/rw_t2t_ndef.cc","2044","12","2044","54"
"Comparison of narrow type with wide type in loop condition","Comparisons between types of different widths in a loop condition can cause the loop to behave unexpectedly.","warning","Comparison between [[""block""|""relative:///src/nfc/tags/rw_t2t_ndef.cc:1076:11:1076:15""]] of type uint8_t and [[""total_blocks""|""relative:///src/nfc/tags/rw_t2t_ndef.cc:1078:12:1078:23""]] of wider type uint16_t.","/src/nfc/tags/rw_t2t_ndef.cc","1111","37","1111","56"
"Comparison of narrow type with wide type in loop condition","Comparisons between types of different widths in a loop condition can cause the loop to behave unexpectedly.","warning","Comparison between [[""block_id""|""relative:///src/nfc/tags/rw_t3t.cc:880:12:880:19""]] of type uint16_t and [[""... + ...""|""relative:///src/nfc/tags/rw_t3t.cc:943:22:943:61""]] of wider type int.","/src/nfc/tags/rw_t3t.cc","943","10","943","62"
"Comparison of narrow type with wide type in loop condition","Comparisons between types of different widths in a loop condition can cause the loop to behave unexpectedly.","warning","Comparison between [[""block_id""|""relative:///src/nfc/tags/rw_t3t.cc:734:12:734:19""]] of type uint16_t and [[""... + ...""|""relative:///src/nfc/tags/rw_t3t.cc:806:22:806:64""]] of wider type int.","/src/nfc/tags/rw_t3t.cc","806","10","806","65"
"Use of a broken or risky cryptographic algorithm","Using broken or weak cryptographic algorithms can allow an attacker to compromise security.","error","This macro invocation specifies a broken or weak cryptographic algorithm.","/src/nfc/tags/rw_t4t.cc","576","3","576","42"
"Use of a broken or risky cryptographic algorithm","Using broken or weak cryptographic algorithms can allow an attacker to compromise security.","error","This macro invocation specifies a broken or weak cryptographic algorithm.","/src/nfc/tags/rw_t4t.cc","577","3","577","42"
"Use of a broken or risky cryptographic algorithm","Using broken or weak cryptographic algorithms can allow an attacker to compromise security.","error","This macro invocation specifies a broken or weak cryptographic algorithm.","/src/nfc/tags/rw_t4t.cc","525","3","525","42"
"Use of a broken or risky cryptographic algorithm","Using broken or weak cryptographic algorithms can allow an attacker to compromise security.","error","This macro invocation specifies a broken or weak cryptographic algorithm.","/src/nfc/tags/rw_t4t.cc","526","3","526","42"
"Use of a broken or risky cryptographic algorithm","Using broken or weak cryptographic algorithms can allow an attacker to compromise security.","error","This macro invocation specifies a broken or weak cryptographic algorithm.","/src/nfc/tags/rw_t4t.cc","472","3","472","42"
"Use of a broken or risky cryptographic algorithm","Using broken or weak cryptographic algorithms can allow an attacker to compromise security.","error","This macro invocation specifies a broken or weak cryptographic algorithm.","/src/nfc/tags/rw_t4t.cc","422","3","422","42"
"Use of a broken or risky cryptographic algorithm","Using broken or weak cryptographic algorithms can allow an attacker to compromise security.","error","This macro invocation specifies a broken or weak cryptographic algorithm.","/src/nfc/tags/rw_t4t.cc","377","3","377","42"
"Use of a broken or risky cryptographic algorithm","Using broken or weak cryptographic algorithms can allow an attacker to compromise security.","error","This macro invocation specifies a broken or weak cryptographic algorithm.","/src/nfc/tags/rw_t4t.cc","382","5","382","50"
"Use of a broken or risky cryptographic algorithm","Using broken or weak cryptographic algorithms can allow an attacker to compromise security.","error","This macro invocation specifies a broken or weak cryptographic algorithm.","/src/nfc/tags/rw_t4t.cc","384","5","384","50"
"Use of a broken or risky cryptographic algorithm","Using broken or weak cryptographic algorithms can allow an attacker to compromise security.","error","This macro invocation specifies a broken or weak cryptographic algorithm.","/src/nfc/tags/rw_t4t.cc","327","3","327","42"
"Use of a broken or risky cryptographic algorithm","Using broken or weak cryptographic algorithms can allow an attacker to compromise security.","error","This macro invocation specifies a broken or weak cryptographic algorithm.","/src/nfc/tags/rw_t4t.cc","332","5","332","50"
"Use of a broken or risky cryptographic algorithm","Using broken or weak cryptographic algorithms can allow an attacker to compromise security.","error","This macro invocation specifies a broken or weak cryptographic algorithm.","/src/nfc/tags/rw_t4t.cc","340","5","340","50"
"Use of a broken or risky cryptographic algorithm","Using broken or weak cryptographic algorithms can allow an attacker to compromise security.","error","This macro invocation specifies a broken or weak cryptographic algorithm.","/src/nfc/tags/rw_t4t.cc","288","3","288","42"
"Use of a broken or risky cryptographic algorithm","Using broken or weak cryptographic algorithms can allow an attacker to compromise security.","error","This macro invocation specifies a broken or weak cryptographic algorithm.","/src/nfc/tags/rw_t4t.cc","230","23","230","45"
"Use of a broken or risky cryptographic algorithm","Using broken or weak cryptographic algorithms can allow an attacker to compromise security.","error","This macro invocation specifies a broken or weak cryptographic algorithm.","/src/nfc/tags/rw_t4t.cc","202","3","202","42"
"Use of a broken or risky cryptographic algorithm","Using broken or weak cryptographic algorithms can allow an attacker to compromise security.","error","This macro invocation specifies a broken or weak cryptographic algorithm.","/src/nfc/tags/rw_t4t.cc","165","3","165","42"
"Suspicious pointer scaling to char","Implicit scaling of pointer arithmetic expressions can cause buffer overflow conditions.","warning","This pointer might have type [[""NFC_HDR""|""relative:///src/adaptation/debug_nfcsnoop.cc:129:38:129:43""]] (size 8), but the pointer arithmetic here is done with type uint8_t * (size 1).","/src/adaptation/debug_nfcsnoop.cc","134","27","134","36"
"Suspicious pointer scaling to char","Implicit scaling of pointer arithmetic expressions can cause buffer overflow conditions.","warning","This pointer might have type [[""NFC_HDR""|""relative:///src/nfa/ce/nfa_ce_act.cc:255:65:255:70""]] (size 8), but the pointer arithmetic here is done with type uint8_t * (size 1).","/src/nfa/ce/nfa_ce_act.cc","255","44","255","74"
"Suspicious pointer scaling to char","Implicit scaling of pointer arithmetic expressions can cause buffer overflow conditions.","warning","This pointer might have type [[""NFC_HDR""|""relative:///src/nfa/ce/nfa_ce_act.cc:103:64:103:69""]] (size 8), but the pointer arithmetic here is done with type uint8_t * (size 1).","/src/nfa/ce/nfa_ce_act.cc","103","43","103","73"
"Suspicious pointer scaling to char","Implicit scaling of pointer arithmetic expressions can cause buffer overflow conditions.","warning","This pointer might have type [[""NFC_HDR""|""relative:///src/nfa/ce/nfa_ce_act.cc:126:67:126:72""]] (size 8), but the pointer arithmetic here is done with type uint8_t * (size 1).","/src/nfa/ce/nfa_ce_act.cc","126","46","126","76"
"Suspicious pointer scaling to char","Implicit scaling of pointer arithmetic expressions can cause buffer overflow conditions.","warning","This pointer might have type [[""NFC_HDR""|""relative:///src/nfa/dm/nfa_dm_act.cc:1422:36:1422:41""]] (size 8), but the pointer arithmetic here is done with type uint8_t * (size 1).","/src/nfa/dm/nfa_dm_act.cc","1426","41","1426","49"
"Suspicious pointer scaling to char","Implicit scaling of pointer arithmetic expressions can cause buffer overflow conditions.","warning","This pointer might have type [[""NFC_HDR""|""relative:///src/nfa/ee/nfa_ee_act.cc:2315:61:2315:66""]] (size 8), but the pointer arithmetic here is done with type uint8_t * (size 1).","/src/nfa/ee/nfa_ee_act.cc","2362","46","2362","54"
"Suspicious pointer scaling to char","Implicit scaling of pointer arithmetic expressions can cause buffer overflow conditions.","warning","This pointer might have type [[""NFC_HDR""|""relative:///src/nfa/hci/nfa_hci_main.cc:698:43:698:48""]] (size 8), but the pointer arithmetic here is done with type uint8_t * (size 1).","/src/nfa/hci/nfa_hci_main.cc","742","18","742","26"
"Suspicious pointer scaling to char","Implicit scaling of pointer arithmetic expressions can cause buffer overflow conditions.","warning","This pointer might have type [[""NFC_HDR""|""relative:///src/nfa/hci/nfa_hci_utils.cc:1394:44:1394:48""]] (size 8), but the pointer arithmetic here is done with type uint8_t * (size 1).","/src/nfa/hci/nfa_hci_utils.cc","1396","27","1396","35"
"Suspicious pointer scaling to char","Implicit scaling of pointer arithmetic expressions can cause buffer overflow conditions.","warning","This pointer might have type [[""NFC_HDR""|""relative:///src/nfa/p2p/nfa_p2p_api.cc:690:33:690:37""]] (size 8), but the pointer arithmetic here is done with type uint8_t * (size 1).","/src/nfa/p2p/nfa_p2p_api.cc","690","26","690","41"
"Suspicious pointer scaling to char","Implicit scaling of pointer arithmetic expressions can cause buffer overflow conditions.","warning","This pointer might have type [[""NFC_HDR""|""relative:///src/nfa/p2p/nfa_p2p_api.cc:521:33:521:37""]] (size 8), but the pointer arithmetic here is done with type uint8_t * (size 1).","/src/nfa/p2p/nfa_p2p_api.cc","521","26","521","41"
"Suspicious pointer scaling to char","Implicit scaling of pointer arithmetic expressions can cause buffer overflow conditions.","warning","This pointer might have type [[""NFC_HDR""|""relative:///src/nfa/rw/nfa_rw_act.cc:2511:36:2511:41""]] (size 8), but the pointer arithmetic here is done with type uint8_t * (size 1).","/src/nfa/rw/nfa_rw_act.cc","2515","41","2515","49"
"Suspicious pointer scaling to char","Implicit scaling of pointer arithmetic expressions can cause buffer overflow conditions.","warning","This pointer might have type [[""NFC_HDR""|""relative:///src/nfa/rw/nfa_rw_act.cc:1284:66:1284:71""]] (size 8), but the pointer arithmetic here is done with type uint8_t * (size 1).","/src/nfa/rw/nfa_rw_act.cc","1284","46","1284","75"
"Suspicious pointer scaling to char","Implicit scaling of pointer arithmetic expressions can cause buffer overflow conditions.","warning","This pointer might have type [[""NFC_HDR""|""relative:///src/nfa/rw/nfa_rw_act.cc:556:48:556:53""]] (size 8), but the pointer arithmetic here is done with type uint8_t * (size 1).","/src/nfa/rw/nfa_rw_act.cc","556","32","556","57"
"Suspicious pointer scaling to char","Implicit scaling of pointer arithmetic expressions can cause buffer overflow conditions.","warning","This pointer might have type [[""NFC_HDR""|""relative:///src/nfa/rw/nfa_rw_act.cc:127:34:127:39""]] (size 8), but the pointer arithmetic here is done with type uint8_t * (size 1).","/src/nfa/rw/nfa_rw_act.cc","127","18","127","43"
"Suspicious pointer scaling to char","Implicit scaling of pointer arithmetic expressions can cause buffer overflow conditions.","warning","This pointer might have type [[""NFC_HDR""|""relative:///src/nfa/rw/nfa_rw_act.cc:86:34:86:39""]] (size 8), but the pointer arithmetic here is done with type uint8_t * (size 1).","/src/nfa/rw/nfa_rw_act.cc","86","18","86","43"
"Suspicious pointer scaling to char","Implicit scaling of pointer arithmetic expressions can cause buffer overflow conditions.","warning","This pointer might have type [[""NFC_HDR""|""relative:///src/nfc/llcp/llcp_dlc.cc:855:53:855:57""]] (size 8), but the pointer arithmetic here is done with type uint8_t * (size 1).","/src/nfc/llcp/llcp_dlc.cc","871","28","871","36"
"Suspicious pointer scaling to char","Implicit scaling of pointer arithmetic expressions can cause buffer overflow conditions.","warning","This pointer might have type [[""NFC_HDR""|""relative:///src/nfc/llcp/llcp_dlc.cc:855:53:855:57""]] (size 8), but the pointer arithmetic here is done with type uint8_t * (size 1).","/src/nfc/llcp/llcp_dlc.cc","895","9","895","15"
"Suspicious pointer scaling to char","Implicit scaling of pointer arithmetic expressions can cause buffer overflow conditions.","warning","This pointer might have type [[""NFC_HDR""|""relative:///src/nfc/llcp/llcp_dlc.cc:855:53:855:57""]] (size 8), but the pointer arithmetic here is done with type uint8_t * (size 1).","/src/nfc/llcp/llcp_dlc.cc","962","15","962","21"
"Suspicious pointer scaling to char","Implicit scaling of pointer arithmetic expressions can cause buffer overflow conditions.","warning","This pointer might have type [[""NFC_HDR""|""relative:///src/nfc/llcp/llcp_dlc.cc:855:53:855:57""]] (size 8), but the pointer arithmetic here is done with type uint8_t * (size 1).","/src/nfc/llcp/llcp_dlc.cc","962","15","962","44"
"Suspicious pointer scaling to char","Implicit scaling of pointer arithmetic expressions can cause buffer overflow conditions.","warning","This pointer might have type [[""NFC_HDR""|""relative:///src/nfc/llcp/llcp_dlc.cc:855:53:855:57""]] (size 8), but the pointer arithmetic here is done with type uint8_t * (size 1).","/src/nfc/llcp/llcp_dlc.cc","982","15","982","21"
"Suspicious pointer scaling to char","Implicit scaling of pointer arithmetic expressions can cause buffer overflow conditions.","warning","This pointer might have type [[""NFC_HDR""|""relative:///src/nfc/llcp/llcp_dlc.cc:855:53:855:57""]] (size 8), but the pointer arithmetic here is done with type uint8_t * (size 1).","/src/nfc/llcp/llcp_dlc.cc","982","15","982","44"
"Suspicious pointer scaling to char","Implicit scaling of pointer arithmetic expressions can cause buffer overflow conditions.","warning","This pointer might have type [[""NFC_HDR""|""relative:///src/nfc/llcp/llcp_dlc.cc:855:53:855:57""]] (size 8), but the pointer arithmetic here is done with type uint8_t * (size 1).","/src/nfc/llcp/llcp_dlc.cc","982","15","982","65"
"Suspicious pointer scaling to char","Implicit scaling of pointer arithmetic expressions can cause buffer overflow conditions.","warning","This pointer might have type [[""NFC_HDR""|""relative:///src/nfc/llcp/llcp_dlc.cc:855:53:855:57""]] (size 8), but the pointer arithmetic here is done with type uint8_t * (size 1).","/src/nfc/llcp/llcp_dlc.cc","1000","17","1000","23"
"Suspicious pointer scaling to char","Implicit scaling of pointer arithmetic expressions can cause buffer overflow conditions.","warning","This pointer might have type [[""NFC_HDR""|""relative:///src/nfc/llcp/llcp_dlc.cc:855:53:855:57""]] (size 8), but the pointer arithmetic here is done with type uint8_t * (size 1).","/src/nfc/llcp/llcp_dlc.cc","1000","17","1000","46"
"Suspicious pointer scaling to char","Implicit scaling of pointer arithmetic expressions can cause buffer overflow conditions.","warning","This pointer might have type [[""NFC_HDR""|""relative:///src/nfc/llcp/llcp_link.cc:1478:51:1478:55""]] (size 8), but the pointer arithmetic here is done with type uint8_t * (size 1).","/src/nfc/llcp/llcp_link.cc","1490","20","1490","28"
"Suspicious pointer scaling to char","Implicit scaling of pointer arithmetic expressions can cause buffer overflow conditions.","warning","This pointer might have type [[""NFC_HDR""|""relative:///src/nfc/llcp/llcp_link.cc:1478:51:1478:55""]] (size 8), but the pointer arithmetic here is done with type uint8_t * (size 1).
This pointer might have type [[""NFC_HDR""|""relative:///src/nfc/llcp/llcp_link.cc:1503:13:1503:34""]] (size 8), but the pointer arithmetic here is done with type uint8_t * (size 1).","/src/nfc/llcp/llcp_link.cc","1527","32","1527","40"
"Suspicious pointer scaling to char","Implicit scaling of pointer arithmetic expressions can cause buffer overflow conditions.","warning","This pointer might have type [[""NFC_HDR""|""relative:///src/nfc/llcp/llcp_link.cc:1478:51:1478:55""]] (size 8), but the pointer arithmetic here is done with type uint8_t * (size 1).","/src/nfc/llcp/llcp_link.cc","1548","22","1548","30"
"Suspicious pointer scaling to char","Implicit scaling of pointer arithmetic expressions can cause buffer overflow conditions.","warning","This pointer might have type [[""NFC_HDR""|""relative:///src/nfc/llcp/llcp_link.cc:1478:51:1478:55""]] (size 8), but the pointer arithmetic here is done with type uint8_t * (size 1).","/src/nfc/llcp/llcp_link.cc","1548","11","1548","47"
"Suspicious pointer scaling to char","Implicit scaling of pointer arithmetic expressions can cause buffer overflow conditions.","warning","This pointer might have type [[""NFC_HDR""|""relative:///src/nfc/llcp/llcp_link.cc:1546:20:1546:41""]] (size 8), but the pointer arithmetic here is done with type uint8_t * (size 1).","/src/nfc/llcp/llcp_link.cc","1551","28","1551","41"
"Suspicious pointer scaling to char","Implicit scaling of pointer arithmetic expressions can cause buffer overflow conditions.","warning","This pointer might have type [[""NFC_HDR""|""relative:///src/nfc/llcp/llcp_link.cc:1261:45:1261:49""]] (size 8), but the pointer arithmetic here is done with type uint8_t * (size 1).","/src/nfc/llcp/llcp_link.cc","1290","24","1290","32"
"Suspicious pointer scaling to char","Implicit scaling of pointer arithmetic expressions can cause buffer overflow conditions.","warning","This pointer might have type [[""NFC_HDR""|""relative:///src/nfc/llcp/llcp_link.cc:1201:44:1201:48""]] (size 8), but the pointer arithmetic here is done with type uint8_t * (size 1).","/src/nfc/llcp/llcp_link.cc","1214","29","1214","37"
"Suspicious pointer scaling to char","Implicit scaling of pointer arithmetic expressions can cause buffer overflow conditions.","warning","This pointer might have type [[""NFC_HDR""|""relative:///src/nfc/llcp/llcp_link.cc:1201:44:1201:48""]] (size 8), but the pointer arithmetic here is done with type uint8_t * (size 1).","/src/nfc/llcp/llcp_link.cc","1214","18","1214","54"
"Suspicious pointer scaling to char","Implicit scaling of pointer arithmetic expressions can cause buffer overflow conditions.","warning","This pointer might have type [[""NFC_HDR""|""relative:///src/nfc/llcp/llcp_link.cc:1201:44:1201:48""]] (size 8), but the pointer arithmetic here is done with type uint8_t * (size 1).","/src/nfc/llcp/llcp_link.cc","1222","27","1222","35"
"Suspicious pointer scaling to char","Implicit scaling of pointer arithmetic expressions can cause buffer overflow conditions.","warning","This pointer might have type [[""NFC_HDR""|""relative:///src/nfc/llcp/llcp_link.cc:1201:44:1201:48""]] (size 8), but the pointer arithmetic here is done with type uint8_t * (size 1).","/src/nfc/llcp/llcp_link.cc","1222","16","1222","52"
"Suspicious pointer scaling to char","Implicit scaling of pointer arithmetic expressions can cause buffer overflow conditions.","warning","This pointer might have type [[""NFC_HDR""|""relative:///src/nfc/llcp/llcp_link.cc:1201:44:1201:48""]] (size 8), but the pointer arithmetic here is done with type uint8_t * (size 1).","/src/nfc/llcp/llcp_link.cc","1242","27","1242","35"
"Suspicious pointer scaling to char","Implicit scaling of pointer arithmetic expressions can cause buffer overflow conditions.","warning","This pointer might have type [[""NFC_HDR""|""relative:///src/nfc/llcp/llcp_link.cc:1201:44:1201:48""]] (size 8), but the pointer arithmetic here is done with type uint8_t * (size 1).","/src/nfc/llcp/llcp_link.cc","1242","16","1242","52"
"Suspicious pointer scaling to char","Implicit scaling of pointer arithmetic expressions can cause buffer overflow conditions.","warning","This pointer might have type [[""NFC_HDR""|""relative:///src/nfc/llcp/llcp_link.cc:1090:45:1090:49""]] (size 8), but the pointer arithmetic here is done with type uint8_t * (size 1).","/src/nfc/llcp/llcp_link.cc","1103","18","1103","26"
"Suspicious pointer scaling to char","Implicit scaling of pointer arithmetic expressions can cause buffer overflow conditions.","warning","This pointer might have type [[""NFC_HDR""|""relative:///src/nfc/llcp/llcp_link.cc:1090:45:1090:49""]] (size 8), but the pointer arithmetic here is done with type uint8_t * (size 1).","/src/nfc/llcp/llcp_link.cc","1138","18","1138","26"
"Suspicious pointer scaling to char","Implicit scaling of pointer arithmetic expressions can cause buffer overflow conditions.","warning","This pointer might have type [[""NFC_HDR""|""relative:///src/nfc/llcp/llcp_link.cc:956:44:956:48""]] (size 8), but the pointer arithmetic here is done with type uint8_t * (size 1).","/src/nfc/llcp/llcp_link.cc","986","29","986","37"
"Suspicious pointer scaling to char","Implicit scaling of pointer arithmetic expressions can cause buffer overflow conditions.","warning","This pointer might have type [[""NFC_HDR""|""relative:///src/nfc/llcp/llcp_sdp.cc:203:33:203:37""]] (size 8), but the pointer arithmetic here is done with type uint8_t * (size 1).","/src/nfc/llcp/llcp_sdp.cc","203","18","203","41"
"Suspicious pointer scaling to char","Implicit scaling of pointer arithmetic expressions can cause buffer overflow conditions.","warning","This pointer might have type [[""NFC_HDR""|""relative:///src/nfc/llcp/llcp_sdp.cc:203:33:203:37""]] (size 8), but the pointer arithmetic here is done with type uint8_t * (size 1).","/src/nfc/llcp/llcp_sdp.cc","203","7","203","73"
"Suspicious pointer scaling to char","Implicit scaling of pointer arithmetic expressions can cause buffer overflow conditions.","warning","This pointer might have type [[""NFC_HDR""|""relative:///src/nfc/llcp/llcp_sdp.cc:107:33:107:37""]] (size 8), but the pointer arithmetic here is done with type uint8_t * (size 1).","/src/nfc/llcp/llcp_sdp.cc","107","18","107","41"
"Suspicious pointer scaling to char","Implicit scaling of pointer arithmetic expressions can cause buffer overflow conditions.","warning","This pointer might have type [[""NFC_HDR""|""relative:///src/nfc/llcp/llcp_sdp.cc:107:33:107:37""]] (size 8), but the pointer arithmetic here is done with type uint8_t * (size 1).","/src/nfc/llcp/llcp_sdp.cc","107","7","107","73"
"Suspicious pointer scaling to char","Implicit scaling of pointer arithmetic expressions can cause buffer overflow conditions.","warning","This pointer might have type [[""NFC_HDR""|""relative:///src/nfc/llcp/llcp_sdp.cc:77:35:77:39""]] (size 8), but the pointer arithmetic here is done with type uint8_t * (size 1).","/src/nfc/llcp/llcp_sdp.cc","77","20","77","43"
"Suspicious pointer scaling to char","Implicit scaling of pointer arithmetic expressions can cause buffer overflow conditions.","warning","This pointer might have type [[""NFC_HDR""|""relative:///src/nfc/llcp/llcp_util.cc:719:60:719:64""]] (size 8), but the pointer arithmetic here is done with type uint8_t * (size 1).","/src/nfc/llcp/llcp_util.cc","725","18","725","26"
"Suspicious pointer scaling to char","Implicit scaling of pointer arithmetic expressions can cause buffer overflow conditions.","warning","This pointer might have type [[""NFC_HDR""|""relative:///src/nfc/llcp/llcp_util.cc:277:65:277:69""]] (size 8), but the pointer arithmetic here is done with type uint8_t * (size 1).","/src/nfc/llcp/llcp_util.cc","284","18","284","26"
"Suspicious pointer scaling to char","Implicit scaling of pointer arithmetic expressions can cause buffer overflow conditions.","warning","This pointer might have type [[""NFC_HDR""|""relative:///src/nfc/nci/nci_hrcv.cc:574:33:574:37""]] (size 8), but the pointer arithmetic here is done with type uint8_t * (size 1).","/src/nfc/nci/nci_hrcv.cc","581","26","581","34"
"Suspicious pointer scaling to char","Implicit scaling of pointer arithmetic expressions can cause buffer overflow conditions.","warning","This pointer might have type [[""NFC_HDR""|""relative:///src/nfc/nci/nci_hrcv.cc:546:40:546:44""]] (size 8), but the pointer arithmetic here is done with type uint8_t * (size 1).","/src/nfc/nci/nci_hrcv.cc","551","31","551","39"
"Suspicious pointer scaling to char","Implicit scaling of pointer arithmetic expressions can cause buffer overflow conditions.","warning","This pointer might have type [[""NFC_HDR""|""relative:///src/nfc/nci/nci_hrcv.cc:546:40:546:44""]] (size 8), but the pointer arithmetic here is done with type uint8_t * (size 1).","/src/nfc/nci/nci_hrcv.cc","552","16","552","20"
"Suspicious pointer scaling to char","Implicit scaling of pointer arithmetic expressions can cause buffer overflow conditions.","warning","This pointer might have type [[""NFC_HDR""|""relative:///src/nfc/nci/nci_hrcv.cc:519:33:519:37""]] (size 8), but the pointer arithmetic here is done with type uint8_t * (size 1).","/src/nfc/nci/nci_hrcv.cc","526","26","526","34"
"Suspicious pointer scaling to char","Implicit scaling of pointer arithmetic expressions can cause buffer overflow conditions.","warning","This pointer might have type [[""NFC_HDR""|""relative:///src/nfc/nci/nci_hrcv.cc:399:42:399:46""]] (size 8), but the pointer arithmetic here is done with type uint8_t * (size 1).","/src/nfc/nci/nci_hrcv.cc","410","18","410","26"
"Suspicious pointer scaling to char","Implicit scaling of pointer arithmetic expressions can cause buffer overflow conditions.","warning","This pointer might have type [[""NFC_HDR""|""relative:///src/nfc/nci/nci_hrcv.cc:399:42:399:46""]] (size 8), but the pointer arithmetic here is done with type uint8_t * (size 1).","/src/nfc/nci/nci_hrcv.cc","411","8","411","8"
"Suspicious pointer scaling to char","Implicit scaling of pointer arithmetic expressions can cause buffer overflow conditions.","warning","This pointer might have type [[""NFC_HDR""|""relative:///src/nfc/nci/nci_hrcv.cc:399:42:399:46""]] (size 8), but the pointer arithmetic here is done with type uint8_t * (size 1).","/src/nfc/nci/nci_hrcv.cc","445","12","445","12"
"Suspicious pointer scaling to char","Implicit scaling of pointer arithmetic expressions can cause buffer overflow conditions.","warning","This pointer might have type [[""NFC_HDR""|""relative:///src/nfc/nci/nci_hrcv.cc:322:42:322:46""]] (size 8), but the pointer arithmetic here is done with type uint8_t * (size 1).","/src/nfc/nci/nci_hrcv.cc","331","18","331","26"
"Suspicious pointer scaling to char","Implicit scaling of pointer arithmetic expressions can cause buffer overflow conditions.","warning","This pointer might have type [[""NFC_HDR""|""relative:///src/nfc/nci/nci_hrcv.cc:322:42:322:46""]] (size 8), but the pointer arithmetic here is done with type uint8_t * (size 1).","/src/nfc/nci/nci_hrcv.cc","332","8","332","8"
"Suspicious pointer scaling to char","Implicit scaling of pointer arithmetic expressions can cause buffer overflow conditions.","warning","This pointer might have type [[""NFC_HDR""|""relative:///src/nfc/nci/nci_hrcv.cc:240:42:240:46""]] (size 8), but the pointer arithmetic here is done with type uint8_t * (size 1).","/src/nfc/nci/nci_hrcv.cc","245","18","245","26"
"Suspicious pointer scaling to char","Implicit scaling of pointer arithmetic expressions can cause buffer overflow conditions.","warning","This pointer might have type [[""NFC_HDR""|""relative:///src/nfc/nci/nci_hrcv.cc:240:42:240:46""]] (size 8), but the pointer arithmetic here is done with type uint8_t * (size 1).","/src/nfc/nci/nci_hrcv.cc","246","8","246","8"
"Suspicious pointer scaling to char","Implicit scaling of pointer arithmetic expressions can cause buffer overflow conditions.","warning","This pointer might have type [[""NFC_HDR""|""relative:///src/nfc/nci/nci_hrcv.cc:240:42:240:46""]] (size 8), but the pointer arithmetic here is done with type uint8_t * (size 1).","/src/nfc/nci/nci_hrcv.cc","265","33","265","34"
"Suspicious pointer scaling to char","Implicit scaling of pointer arithmetic expressions can cause buffer overflow conditions.","warning","This pointer might have type [[""NFC_HDR""|""relative:///src/nfc/nci/nci_hrcv.cc:169:42:169:46""]] (size 8), but the pointer arithmetic here is done with type uint8_t * (size 1).","/src/nfc/nci/nci_hrcv.cc","175","18","175","26"
"Suspicious pointer scaling to char","Implicit scaling of pointer arithmetic expressions can cause buffer overflow conditions.","warning","This pointer might have type [[""NFC_HDR""|""relative:///src/nfc/nci/nci_hrcv.cc:169:42:169:46""]] (size 8), but the pointer arithmetic here is done with type uint8_t * (size 1).","/src/nfc/nci/nci_hrcv.cc","176","8","176","8"
"Suspicious pointer scaling to char","Implicit scaling of pointer arithmetic expressions can cause buffer overflow conditions.","warning","This pointer might have type [[""NFC_HDR""|""relative:///src/nfc/nci/nci_hrcv.cc:113:33:113:37""]] (size 8), but the pointer arithmetic here is done with type uint8_t * (size 1).","/src/nfc/nci/nci_hrcv.cc","119","18","119","26"
"Suspicious pointer scaling to char","Implicit scaling of pointer arithmetic expressions can cause buffer overflow conditions.","warning","This pointer might have type [[""NFC_HDR""|""relative:///src/nfc/nci/nci_hrcv.cc:113:33:113:37""]] (size 8), but the pointer arithmetic here is done with type uint8_t * (size 1).","/src/nfc/nci/nci_hrcv.cc","121","8","121","8"
"Suspicious pointer scaling to char","Implicit scaling of pointer arithmetic expressions can cause buffer overflow conditions.","warning","This pointer might have type [[""NFC_HDR""|""relative:///src/nfc/nci/nci_hrcv.cc:113:33:113:37""]] (size 8), but the pointer arithmetic here is done with type uint8_t * (size 1).","/src/nfc/nci/nci_hrcv.cc","146","19","146","20"
"Suspicious pointer scaling to char","Implicit scaling of pointer arithmetic expressions can cause buffer overflow conditions.","warning","This pointer might have type [[""NFC_HDR""|""relative:///src/nfc/nci/nci_hrcv.cc:53:33:53:37""]] (size 8), but the pointer arithmetic here is done with type uint8_t * (size 1).","/src/nfc/nci/nci_hrcv.cc","60","18","60","26"
"Suspicious pointer scaling to char","Implicit scaling of pointer arithmetic expressions can cause buffer overflow conditions.","warning","This pointer might have type [[""NFC_HDR""|""relative:///src/nfc/nci/nci_hrcv.cc:53:33:53:37""]] (size 8), but the pointer arithmetic here is done with type uint8_t * (size 1).","/src/nfc/nci/nci_hrcv.cc","61","8","61","8"
"Suspicious pointer scaling to char","Implicit scaling of pointer arithmetic expressions can cause buffer overflow conditions.","warning","This pointer might have type [[""NFC_HDR""|""relative:///src/nfc/nfc/nfc_main.cc:193:51:193:64""]] (size 8), but the pointer arithmetic here is done with type uint8_t * (size 1).","/src/nfc/nfc/nfc_main.cc","207","20","207","37"
"Suspicious pointer scaling to char","Implicit scaling of pointer arithmetic expressions can cause buffer overflow conditions.","warning","This pointer might have type [[""NFC_HDR""|""relative:///src/nfc/nfc/nfc_main.cc:193:51:193:64""]] (size 8), but the pointer arithmetic here is done with type uint8_t * (size 1).","/src/nfc/nfc/nfc_main.cc","207","9","207","63"
"Suspicious pointer scaling to char","Implicit scaling of pointer arithmetic expressions can cause buffer overflow conditions.","warning","This pointer might have type [[""NFC_HDR""|""relative:///src/nfc/nfc/nfc_main.cc:193:51:193:64""]] (size 8), but the pointer arithmetic here is done with type uint8_t * (size 1).","/src/nfc/nfc/nfc_main.cc","207","9","208","24"
"Suspicious pointer scaling to char","Implicit scaling of pointer arithmetic expressions can cause buffer overflow conditions.","warning","This pointer might have type [[""NFC_HDR""|""relative:///src/nfc/nfc/nfc_ncif.cc:1893:34:1893:38""]] (size 8), but the pointer arithmetic here is done with type uint8_t * (size 1).","/src/nfc/nfc/nfc_ncif.cc","1903","19","1903","27"
"Suspicious pointer scaling to char","Implicit scaling of pointer arithmetic expressions can cause buffer overflow conditions.","warning","This pointer might have type [[""NFC_HDR""|""relative:///src/nfc/nfc/nfc_ncif.cc:1893:34:1893:38""]] (size 8), but the pointer arithmetic here is done with type uint8_t * (size 1).","/src/nfc/nfc/nfc_ncif.cc","1951","23","1951","31"
"Suspicious pointer scaling to char","Implicit scaling of pointer arithmetic expressions can cause buffer overflow conditions.","warning","This pointer might have type [[""NFC_HDR""|""relative:///src/nfc/nfc/nfc_ncif.cc:1893:34:1893:38""]] (size 8), but the pointer arithmetic here is done with type uint8_t * (size 1).","/src/nfc/nfc/nfc_ncif.cc","1951","12","1951","48"
"Suspicious pointer scaling to char","Implicit scaling of pointer arithmetic expressions can cause buffer overflow conditions.","warning","This pointer might have type [[""NFC_HDR""|""relative:///src/nfc/nfc/nfc_ncif.cc:1763:44:1763:48""]] (size 8), but the pointer arithmetic here is done with type uint8_t * (size 1).","/src/nfc/nfc/nfc_ncif.cc","1771","20","1771","28"
"Suspicious pointer scaling to char","Implicit scaling of pointer arithmetic expressions can cause buffer overflow conditions.","warning","This pointer might have type [[""NFC_HDR""|""relative:///src/nfc/nfc/nfc_ncif.cc:1719:38:1719:42""]] (size 8), but the pointer arithmetic here is done with type uint8_t * (size 1).","/src/nfc/nfc/nfc_ncif.cc","1723","18","1723","26"
"Suspicious pointer scaling to char","Implicit scaling of pointer arithmetic expressions can cause buffer overflow conditions.","warning","This pointer might have type [[""NFC_HDR""|""relative:///src/nfc/nfc/nfc_ncif.cc:1719:38:1719:42""]] (size 8), but the pointer arithmetic here is done with type uint8_t * (size 1).","/src/nfc/nfc/nfc_ncif.cc","1726","14","1726","14"
"Suspicious pointer scaling to char","Implicit scaling of pointer arithmetic expressions can cause buffer overflow conditions.","warning","This pointer might have type [[""NFC_HDR""|""relative:///src/nfc/nfc/nfc_ncif.cc:376:38:376:42""]] (size 8), but the pointer arithmetic here is done with type uint8_t * (size 1).","/src/nfc/nfc/nfc_ncif.cc","383","18","383","26"
"Suspicious pointer scaling to char","Implicit scaling of pointer arithmetic expressions can cause buffer overflow conditions.","warning","This pointer might have type [[""NFC_HDR""|""relative:///src/nfc/nfc/nfc_ncif.cc:262:40:262:44""]] (size 8), but the pointer arithmetic here is done with type uint8_t * (size 1).","/src/nfc/nfc/nfc_ncif.cc","282","23","282","31"
"Suspicious pointer scaling to char","Implicit scaling of pointer arithmetic expressions can cause buffer overflow conditions.","warning","This pointer might have type [[""NFC_HDR""|""relative:///src/nfc/nfc/nfc_ncif.cc:262:40:262:44""]] (size 8), but the pointer arithmetic here is done with type uint8_t * (size 1).","/src/nfc/nfc/nfc_ncif.cc","284","31","284","32"
"Suspicious pointer scaling to char","Implicit scaling of pointer arithmetic expressions can cause buffer overflow conditions.","warning","This pointer might have type [[""NFC_HDR""|""relative:///src/nfc/nfc/nfc_vs.cc:125:53:125:58""]] (size 8), but the pointer arithmetic here is done with type uint8_t * (size 1).","/src/nfc/nfc/nfc_vs.cc","154","19","154","28"
"Suspicious pointer scaling to char","Implicit scaling of pointer arithmetic expressions can cause buffer overflow conditions.","warning","This pointer might have type [[""NFC_HDR""|""relative:///src/nfc/tags/ce_t3t.cc:966:15:966:32""]] (size 8), but the pointer arithmetic here is done with type uint8_t * (size 1).","/src/nfc/tags/ce_t3t.cc","968","38","968","50"
"Suspicious pointer scaling to char","Implicit scaling of pointer arithmetic expressions can cause buffer overflow conditions.","warning","This pointer might have type [[""NFC_HDR""|""relative:///src/nfc/tags/ce_t3t.cc:626:28:626:33""]] (size 8), but the pointer arithmetic here is done with type uint8_t * (size 1).","/src/nfc/tags/ce_t3t.cc","630","27","630","35"
"Suspicious pointer scaling to char","Implicit scaling of pointer arithmetic expressions can cause buffer overflow conditions.","warning","This pointer might have type [[""NFC_HDR""|""relative:///src/nfc/tags/ce_t3t.cc:519:47:519:55""]] (size 8), but the pointer arithmetic here is done with type uint8_t * (size 1).","/src/nfc/tags/ce_t3t.cc","524","27","524","39"
"Suspicious pointer scaling to char","Implicit scaling of pointer arithmetic expressions can cause buffer overflow conditions.","warning","This pointer might have type [[""NFC_HDR""|""relative:///src/nfc/tags/ce_t3t.cc:529:15:529:32""]] (size 8), but the pointer arithmetic here is done with type uint8_t * (size 1).","/src/nfc/tags/ce_t3t.cc","531","38","531","50"
"Suspicious pointer scaling to char","Implicit scaling of pointer arithmetic expressions can cause buffer overflow conditions.","warning","This pointer might have type [[""NFC_HDR""|""relative:///src/nfc/tags/ce_t3t.cc:380:15:380:32""]] (size 8), but the pointer arithmetic here is done with type uint8_t * (size 1).","/src/nfc/tags/ce_t3t.cc","382","38","382","50"
"Suspicious pointer scaling to char","Implicit scaling of pointer arithmetic expressions can cause buffer overflow conditions.","warning","This pointer might have type [[""NFC_HDR""|""relative:///src/nfc/tags/ce_t3t.cc:168:15:168:32""]] (size 8), but the pointer arithmetic here is done with type uint8_t * (size 1).","/src/nfc/tags/ce_t3t.cc","170","38","170","50"
"Suspicious pointer scaling to char","Implicit scaling of pointer arithmetic expressions can cause buffer overflow conditions.","warning","This pointer might have type [[""NFC_HDR""|""relative:///src/nfc/tags/ce_t3t.cc:88:36:88:40""]] (size 8), but the pointer arithmetic here is done with type uint8_t * (size 1).","/src/nfc/tags/ce_t3t.cc","93","18","93","26"
"Suspicious pointer scaling to char","Implicit scaling of pointer arithmetic expressions can cause buffer overflow conditions.","warning","This pointer might have type [[""NFC_HDR""|""relative:///src/nfc/tags/ce_t4t.cc:564:37:564:42""]] (size 8), but the pointer arithmetic here is done with type uint8_t * (size 1).","/src/nfc/tags/ce_t4t.cc","572","22","572","33"
"Suspicious pointer scaling to char","Implicit scaling of pointer arithmetic expressions can cause buffer overflow conditions.","warning","This pointer might have type [[""NFC_HDR""|""relative:///src/nfc/tags/rw_i93.cc:2936:39:2936:44""]] (size 8), but the pointer arithmetic here is done with type uint8_t * (size 1).","/src/nfc/tags/rw_i93.cc","2937","27","2937","36"
"Suspicious pointer scaling to char","Implicit scaling of pointer arithmetic expressions can cause buffer overflow conditions.","warning","This pointer might have type [[""NFC_HDR""|""relative:///src/nfc/tags/rw_i93.cc:2580:32:2580:37""]] (size 8), but the pointer arithmetic here is done with type uint8_t * (size 1).","/src/nfc/tags/rw_i93.cc","2581","27","2581","36"
"Suspicious pointer scaling to char","Implicit scaling of pointer arithmetic expressions can cause buffer overflow conditions.","warning","This pointer might have type [[""NFC_HDR""|""relative:///src/nfc/tags/rw_i93.cc:2301:37:2301:42""]] (size 8), but the pointer arithmetic here is done with type uint8_t * (size 1).","/src/nfc/tags/rw_i93.cc","2302","27","2302","36"
"Suspicious pointer scaling to char","Implicit scaling of pointer arithmetic expressions can cause buffer overflow conditions.","warning","This pointer might have type [[""NFC_HDR""|""relative:///src/nfc/tags/rw_i93.cc:2199:35:2199:40""]] (size 8), but the pointer arithmetic here is done with type uint8_t * (size 1).","/src/nfc/tags/rw_i93.cc","2200","27","2200","36"
"Suspicious pointer scaling to char","Implicit scaling of pointer arithmetic expressions can cause buffer overflow conditions.","warning","This pointer might have type [[""NFC_HDR""|""relative:///src/nfc/tags/rw_i93.cc:1786:37:1786:42""]] (size 8), but the pointer arithmetic here is done with type uint8_t * (size 1).","/src/nfc/tags/rw_i93.cc","1787","27","1787","36"
"Suspicious pointer scaling to char","Implicit scaling of pointer arithmetic expressions can cause buffer overflow conditions.","warning","This pointer might have type [[""NFC_HDR""|""relative:///src/nfc/tags/rw_i93.cc:473:36:473:41""]] (size 8), but the pointer arithmetic here is done with type uint8_t * (size 1).","/src/nfc/tags/rw_i93.cc","474","27","474","36"
"Suspicious pointer scaling to char","Implicit scaling of pointer arithmetic expressions can cause buffer overflow conditions.","warning","This pointer might have type [[""NFC_HDR""|""relative:///src/nfc/tags/rw_t1t.cc:449:49:449:53""]] (size 8), but the pointer arithmetic here is done with type uint8_t * (size 1).","/src/nfc/tags/rw_t1t.cc","458","26","458","34"
"Suspicious pointer scaling to char","Implicit scaling of pointer arithmetic expressions can cause buffer overflow conditions.","warning","This pointer might have type [[""NFC_HDR""|""relative:///src/nfc/tags/rw_t1t.cc:75:35:75:40""]] (size 8), but the pointer arithmetic here is done with type uint8_t * (size 1).","/src/nfc/tags/rw_t1t.cc","78","18","78","26"
"Suspicious pointer scaling to char","Implicit scaling of pointer arithmetic expressions can cause buffer overflow conditions.","warning","This pointer might have type [[""NFC_HDR""|""relative:///src/nfc/tags/rw_t2t.cc:783:29:783:41""]] (size 8), but the pointer arithmetic here is done with type uint8_t * (size 1).","/src/nfc/tags/rw_t2t.cc","783","22","783","45"
"Suspicious pointer scaling to char","Implicit scaling of pointer arithmetic expressions can cause buffer overflow conditions.","warning","This pointer might have type [[""NFC_HDR""|""relative:///src/nfc/tags/rw_t2t.cc:724:29:724:41""]] (size 8), but the pointer arithmetic here is done with type uint8_t * (size 1).","/src/nfc/tags/rw_t2t.cc","724","22","724","45"
"Suspicious pointer scaling to char","Implicit scaling of pointer arithmetic expressions can cause buffer overflow conditions.","warning","This pointer might have type [[""NFC_HDR""|""relative:///src/nfc/tags/rw_t2t.cc:605:25:605:37""]] (size 8), but the pointer arithmetic here is done with type uint8_t * (size 1).","/src/nfc/tags/rw_t2t.cc","605","18","605","41"
"Suspicious pointer scaling to char","Implicit scaling of pointer arithmetic expressions can cause buffer overflow conditions.","warning","This pointer might have type [[""NFC_HDR""|""relative:///src/nfc/tags/rw_t2t.cc:67:28:67:33""]] (size 8), but the pointer arithmetic here is done with type uint8_t * (size 1).","/src/nfc/tags/rw_t2t.cc","116","18","116","26"
"Suspicious pointer scaling to char","Implicit scaling of pointer arithmetic expressions can cause buffer overflow conditions.","warning","This pointer might have type [[""NFC_HDR""|""relative:///src/nfc/tags/rw_t3t.cc:2177:28:2177:33""]] (size 8), but the pointer arithmetic here is done with type uint8_t * (size 1).","/src/nfc/tags/rw_t3t.cc","2205","20","2205","28"
"Suspicious pointer scaling to char","Implicit scaling of pointer arithmetic expressions can cause buffer overflow conditions.","warning","This pointer might have type [[""NFC_HDR""|""relative:///src/nfc/tags/rw_t3t.cc:2070:59:2070:67""]] (size 8), but the pointer arithmetic here is done with type uint8_t * (size 1).","/src/nfc/tags/rw_t3t.cc","2071","35","2071","47"
"Suspicious pointer scaling to char","Implicit scaling of pointer arithmetic expressions can cause buffer overflow conditions.","warning","This pointer might have type [[""NFC_HDR""|""relative:///src/nfc/tags/rw_t3t.cc:1876:59:1876:67""]] (size 8), but the pointer arithmetic here is done with type uint8_t * (size 1).","/src/nfc/tags/rw_t3t.cc","1877","35","1877","47"
"Suspicious pointer scaling to char","Implicit scaling of pointer arithmetic expressions can cause buffer overflow conditions.","warning","This pointer might have type [[""NFC_HDR""|""relative:///src/nfc/tags/rw_t3t.cc:1790:15:1790:32""]] (size 8), but the pointer arithmetic here is done with type uint8_t * (size 1).","/src/nfc/tags/rw_t3t.cc","1792","38","1792","50"
"Suspicious pointer scaling to char","Implicit scaling of pointer arithmetic expressions can cause buffer overflow conditions.","warning","This pointer might have type [[""NFC_HDR""|""relative:///src/nfc/tags/rw_t3t.cc:1727:17:1727:34""]] (size 8), but the pointer arithmetic here is done with type uint8_t * (size 1).","/src/nfc/tags/rw_t3t.cc","1730","36","1730","48"
"Suspicious pointer scaling to char","Implicit scaling of pointer arithmetic expressions can cause buffer overflow conditions.","warning","This pointer might have type [[""NFC_HDR""|""relative:///src/nfc/tags/rw_t3t.cc:1611:67:1611:75""]] (size 8), but the pointer arithmetic here is done with type uint8_t * (size 1).","/src/nfc/tags/rw_t3t.cc","1614","35","1614","47"
"Suspicious pointer scaling to char","Implicit scaling of pointer arithmetic expressions can cause buffer overflow conditions.","warning","This pointer might have type [[""NFC_HDR""|""relative:///src/nfc/tags/rw_t3t.cc:1509:66:1509:74""]] (size 8), but the pointer arithmetic here is done with type uint8_t * (size 1).","/src/nfc/tags/rw_t3t.cc","1512","35","1512","47"
"Suspicious pointer scaling to char","Implicit scaling of pointer arithmetic expressions can cause buffer overflow conditions.","warning","This pointer might have type [[""NFC_HDR""|""relative:///src/nfc/tags/rw_t3t.cc:1441:62:1441:70""]] (size 8), but the pointer arithmetic here is done with type uint8_t * (size 1).","/src/nfc/tags/rw_t3t.cc","1442","35","1442","47"
"Suspicious pointer scaling to char","Implicit scaling of pointer arithmetic expressions can cause buffer overflow conditions.","warning","This pointer might have type [[""NFC_HDR""|""relative:///src/nfc/tags/rw_t3t.cc:1390:61:1390:69""]] (size 8), but the pointer arithmetic here is done with type uint8_t * (size 1).","/src/nfc/tags/rw_t3t.cc","1391","35","1391","47"
"Suspicious pointer scaling to char","Implicit scaling of pointer arithmetic expressions can cause buffer overflow conditions.","warning","This pointer might have type [[""NFC_HDR""|""relative:///src/nfc/tags/rw_t3t.cc:1242:67:1242:75""]] (size 8), but the pointer arithmetic here is done with type uint8_t * (size 1).","/src/nfc/tags/rw_t3t.cc","1248","35","1248","47"
"Suspicious pointer scaling to char","Implicit scaling of pointer arithmetic expressions can cause buffer overflow conditions.","warning","This pointer might have type [[""NFC_HDR""|""relative:///src/nfc/tags/rw_t3t.cc:1208:15:1208:32""]] (size 8), but the pointer arithmetic here is done with type uint8_t * (size 1).","/src/nfc/tags/rw_t3t.cc","1211","20","1211","32"
"Suspicious pointer scaling to char","Implicit scaling of pointer arithmetic expressions can cause buffer overflow conditions.","warning","This pointer might have type [[""NFC_HDR""|""relative:///src/nfc/tags/rw_t3t.cc:1151:15:1151:32""]] (size 8), but the pointer arithmetic here is done with type uint8_t * (size 1).","/src/nfc/tags/rw_t3t.cc","1154","34","1154","46"
"Suspicious pointer scaling to char","Implicit scaling of pointer arithmetic expressions can cause buffer overflow conditions.","warning","This pointer might have type [[""NFC_HDR""|""relative:///src/nfc/tags/rw_t3t.cc:1115:15:1115:32""]] (size 8), but the pointer arithmetic here is done with type uint8_t * (size 1).","/src/nfc/tags/rw_t3t.cc","1118","34","1118","46"
"Suspicious pointer scaling to char","Implicit scaling of pointer arithmetic expressions can cause buffer overflow conditions.","warning","This pointer might have type [[""NFC_HDR""|""relative:///src/nfc/tags/rw_t3t.cc:1079:15:1079:32""]] (size 8), but the pointer arithmetic here is done with type uint8_t * (size 1).","/src/nfc/tags/rw_t3t.cc","1082","34","1082","46"
"Suspicious pointer scaling to char","Implicit scaling of pointer arithmetic expressions can cause buffer overflow conditions.","warning","This pointer might have type [[""NFC_HDR""|""relative:///src/nfc/tags/rw_t3t.cc:886:15:886:32""]] (size 8), but the pointer arithmetic here is done with type uint8_t * (size 1).","/src/nfc/tags/rw_t3t.cc","889","34","889","46"
"Suspicious pointer scaling to char","Implicit scaling of pointer arithmetic expressions can cause buffer overflow conditions.","warning","This pointer might have type [[""NFC_HDR""|""relative:///src/nfc/tags/rw_t3t.cc:745:15:745:32""]] (size 8), but the pointer arithmetic here is done with type uint8_t * (size 1).","/src/nfc/tags/rw_t3t.cc","748","34","748","46"
"Suspicious pointer scaling to char","Implicit scaling of pointer arithmetic expressions can cause buffer overflow conditions.","warning","This pointer might have type [[""NFC_HDR""|""relative:///src/nfc/tags/rw_t3t.cc:655:15:655:32""]] (size 8), but the pointer arithmetic here is done with type uint8_t * (size 1).","/src/nfc/tags/rw_t3t.cc","658","34","658","46"
"Suspicious pointer scaling to char","Implicit scaling of pointer arithmetic expressions can cause buffer overflow conditions.","warning","This pointer might have type [[""NFC_HDR""|""relative:///src/nfc/tags/rw_t3t.cc:557:43:557:47""]] (size 8), but the pointer arithmetic here is done with type uint8_t * (size 1).","/src/nfc/tags/rw_t3t.cc","568","18","568","26"
"Suspicious pointer scaling to char","Implicit scaling of pointer arithmetic expressions can cause buffer overflow conditions.","warning","This pointer might have type [[""NFC_HDR""|""relative:///src/nfc/tags/rw_t4t.cc:1638:45:1638:52""]] (size 8), but the pointer arithmetic here is done with type uint8_t * (size 1).","/src/nfc/tags/rw_t4t.cc","1649","18","1649","29"
"Suspicious pointer scaling to char","Implicit scaling of pointer arithmetic expressions can cause buffer overflow conditions.","warning","This pointer might have type [[""NFC_HDR""|""relative:///src/nfc/tags/rw_t4t.cc:1556:44:1556:51""]] (size 8), but the pointer arithmetic here is done with type uint8_t * (size 1).","/src/nfc/tags/rw_t4t.cc","1567","18","1567","29"
"Suspicious pointer scaling to char","Implicit scaling of pointer arithmetic expressions can cause buffer overflow conditions.","warning","This pointer might have type [[""NFC_HDR""|""relative:///src/nfc/tags/rw_t4t.cc:1473:42:1473:49""]] (size 8), but the pointer arithmetic here is done with type uint8_t * (size 1).","/src/nfc/tags/rw_t4t.cc","1484","18","1484","29"
"Suspicious pointer scaling to char","Implicit scaling of pointer arithmetic expressions can cause buffer overflow conditions.","warning","This pointer might have type [[""NFC_HDR""|""relative:///src/nfc/tags/rw_t4t.cc:1252:44:1252:51""]] (size 8), but the pointer arithmetic here is done with type uint8_t * (size 1).","/src/nfc/tags/rw_t4t.cc","1263","18","1263","29"
"Suspicious pointer scaling to char","Implicit scaling of pointer arithmetic expressions can cause buffer overflow conditions.","warning","This pointer might have type [[""NFC_HDR""|""relative:///src/nfc/tags/rw_t4t.cc:1252:44:1252:51""]] (size 8), but the pointer arithmetic here is done with type uint8_t * (size 1).","/src/nfc/tags/rw_t4t.cc","1312","24","1312","35"
"Suspicious pointer scaling to char","Implicit scaling of pointer arithmetic expressions can cause buffer overflow conditions.","warning","This pointer might have type [[""NFC_HDR""|""relative:///src/nfc/tags/rw_t4t.cc:1252:44:1252:51""]] (size 8), but the pointer arithmetic here is done with type uint8_t * (size 1).","/src/nfc/tags/rw_t4t.cc","1381","24","1381","35"
"Suspicious pointer scaling to char","Implicit scaling of pointer arithmetic expressions can cause buffer overflow conditions.","warning","This pointer might have type [[""NFC_HDR""|""relative:///src/nfc/tags/rw_t4t.cc:1072:44:1072:51""]] (size 8), but the pointer arithmetic here is done with type uint8_t * (size 1).","/src/nfc/tags/rw_t4t.cc","1083","18","1083","29"
"Suspicious pointer scaling to char","Implicit scaling of pointer arithmetic expressions can cause buffer overflow conditions.","warning","This pointer might have type [[""NFC_HDR""|""relative:///src/nfc/tags/rw_t4t.cc:225:52:225:59""]] (size 8), but the pointer arithmetic here is done with type uint8_t * (size 1).","/src/nfc/tags/rw_t4t.cc","236","18","236","29"
"Suspicious pointer scaling to char","Implicit scaling of pointer arithmetic expressions can cause buffer overflow conditions.","warning","This pointer might have type [[""NFC_HDR""|""relative:///src/nfc/tags/rw_t4t.cc:225:52:225:59""]] (size 8), but the pointer arithmetic here is done with type uint8_t * (size 1).","/src/nfc/tags/rw_t4t.cc","237","21","237","21"
"Suspicious pointer scaling to char","Implicit scaling of pointer arithmetic expressions can cause buffer overflow conditions.","warning","This pointer might have type [[""NFC_HDR""|""relative:///src/nfc/tags/rw_t4t.cc:225:52:225:59""]] (size 8), but the pointer arithmetic here is done with type uint8_t * (size 1).","/src/nfc/tags/rw_t4t.cc","238","21","238","21"
"Suspicious pointer scaling to char","Implicit scaling of pointer arithmetic expressions can cause buffer overflow conditions.","warning","This pointer might have type [[""NFC_HDR""|""relative:///src/nfc/tags/rw_t4t.cc:225:52:225:59""]] (size 8), but the pointer arithmetic here is done with type uint8_t * (size 1).","/src/nfc/tags/rw_t4t.cc","245","15","245","15"
"Suspicious pointer scaling to char","Implicit scaling of pointer arithmetic expressions can cause buffer overflow conditions.","warning","This pointer might have type [[""NFC_HDR""|""relative:///src/nfc/tags/rw_t5t.cc:775:39:775:44""]] (size 8), but the pointer arithmetic here is done with type uint8_t * (size 1).","/src/nfc/tags/rw_t5t.cc","776","27","776","36"
"Suspicious pointer scaling to char","Implicit scaling of pointer arithmetic expressions can cause buffer overflow conditions.","warning","This pointer might have type [[""NFC_HDR""|""relative:///src/nfc/tags/rw_t5t.cc:480:37:480:42""]] (size 8), but the pointer arithmetic here is done with type uint8_t * (size 1).","/src/nfc/tags/rw_t5t.cc","481","27","481","36"
"Suspicious pointer scaling to char","Implicit scaling of pointer arithmetic expressions can cause buffer overflow conditions.","warning","This pointer might have type [[""NFC_HDR""|""relative:///src/nfc/tags/rw_t5t.cc:66:37:66:42""]] (size 8), but the pointer arithmetic here is done with type uint8_t * (size 1).","/src/nfc/tags/rw_t5t.cc","67","27","67","36"
"Mutex locked twice","Calling the lock method of a mutex twice in succession might cause a deadlock.","error","Mutex mm might be locked already, which could cause a deadlock.","/src/adaptation/NfcAdaptation.cc","935","60","935","61"
